nickname,userId,privateAccount,signature,uniqueId,verified,videoId,createTime,likesCount,shareCount,commentCount,playCount,collectCount,description,url,timestamp,duration
Canal da Belinha ‚ù§Ô∏è,6988862884261020678,False,"Conta oficial do Canal da Belinha! Administrado por @luakrs
INGRESSOS SHOWS:",oficialcanaldabelinha,False,7227653321463532805,1682819178,23700,703,1950,559400,2712,Minha apresenta√ß√£o no Programa Raul Gil! Cantei a m√∫sica da @giulia be que eu amooo! Foi muito emocionante cantar pela primeira vez em um programa de tv! Quem assistiu? üíñüíúüíõ #canaldabelinha #sbt #programaraulgil ,https://www.tiktok.com/@oficialcanaldabelinha/video/7227653321463532805,2023-04-30 01:46:18,172
Canal da Belinha ‚ù§Ô∏è,6988862884261020678,False,"Conta oficial do Canal da Belinha! Administrado por @luakrs
INGRESSOS SHOWS:",oficialcanaldabelinha,False,7472877739041836343,1739914941,3883,51,360,94100,448,Trollamos o Vinibug #canaldabelinha #palmeiras ,https://www.tiktok.com/@oficialcanaldabelinha/video/7472877739041836343,2025-02-18 21:42:21,70
Canal da Belinha ‚ù§Ô∏è,6988862884261020678,False,"Conta oficial do Canal da Belinha! Administrado por @luakrs
INGRESSOS SHOWS:",oficialcanaldabelinha,False,7471783177317551415,1739660093,1456,17,78,21100,108,Pra onde ser√° que estamos indo? ,https://www.tiktok.com/@oficialcanaldabelinha/video/7471783177317551415,2025-02-15 22:54:53,15
Canal da Belinha ‚ù§Ô∏è,6988862884261020678,False,"Conta oficial do Canal da Belinha! Administrado por @luakrs
INGRESSOS SHOWS:",oficialcanaldabelinha,False,7471019302536219910,1739482239,3511,61,166,116900,305,Bastidores do novo clipe da Belinha #canaldabelinha #musicanova ,https://www.tiktok.com/@oficialcanaldabelinha/video/7471019302536219910,2025-02-13 21:30:39,65
Canal da Belinha ‚ù§Ô∏è,6988862884261020678,False,"Conta oficial do Canal da Belinha! Administrado por @luakrs
INGRESSOS SHOWS:",oficialcanaldabelinha,False,7470682509852839174,1739403824,2302,34,210,61300,201,Spoiler dos nossos looks no novo clipe da Belinha! Voc√™s acham que o clipe √© sobre o que?,https://www.tiktok.com/@oficialcanaldabelinha/video/7470682509852839174,2025-02-12 23:43:44,17
Canal da Belinha ‚ù§Ô∏è,6988862884261020678,False,"Conta oficial do Canal da Belinha! Administrado por @luakrs
INGRESSOS SHOWS:",oficialcanaldabelinha,False,7469922441712700678,1739226861,4639,74,156,121600,363,J√©ssica ficou com ci√∫mes da amizade da Belinha e da Marcela? ,https://www.tiktok.com/@oficialcanaldabelinha/video/7469922441712700678,2025-02-10 22:34:21,10
Canal da Belinha ‚ù§Ô∏è,6988862884261020678,False,"Conta oficial do Canal da Belinha! Administrado por @luakrs
INGRESSOS SHOWS:",oficialcanaldabelinha,False,7469815493772283141,1739201955,15300,253,14200,495000,1278,Quem √© mais alta de n√≥s duas? ,https://www.tiktok.com/@oficialcanaldabelinha/video/7469815493772283141,2025-02-10 15:39:15,9
Canal da Belinha ‚ù§Ô∏è,6988862884261020678,False,"Conta oficial do Canal da Belinha! Administrado por @luakrs
INGRESSOS SHOWS:",oficialcanaldabelinha,False,7469593845093780741,1739150350,5125,68,902,126800,457,Eu sou de Recife e o Estev√£o de Brasilia! E voc√™? ,https://www.tiktok.com/@oficialcanaldabelinha/video/7469593845093780741,2025-02-10 01:19:10,25
Canal da Belinha ‚ù§Ô∏è,6988862884261020678,False,"Conta oficial do Canal da Belinha! Administrado por @luakrs
INGRESSOS SHOWS:",oficialcanaldabelinha,False,7468052982278425862,1738791593,6709,231,333,342500,829,Transformamos noss a casinha na casinha de boiadeira inspirada na Ana Castela! #canaldabelinha #belinha #anacastela ,https://www.tiktok.com/@oficialcanaldabelinha/video/7468052982278425862,2025-02-05 21:39:53,90
Canal da Belinha ‚ù§Ô∏è,6988862884261020678,False,"Conta oficial do Canal da Belinha! Administrado por @luakrs
INGRESSOS SHOWS:",oficialcanaldabelinha,False,7468009504559549702,1738781465,6904,227,856,99100,1541,Fui barrada no meu pr√≥prio Show! #canaldabelinha ,https://www.tiktok.com/@oficialcanaldabelinha/video/7468009504559549702,2025-02-05 18:51:05,52
Canal da Belinha ‚ù§Ô∏è,6988862884261020678,False,"Conta oficial do Canal da Belinha! Administrado por @luakrs
INGRESSOS SHOWS:",oficialcanaldabelinha,False,7465385156241558790,1738170436,3597,210,284,344400,439,Piscina do Stitch Vs Piscina da Angel #canaldabelinha #angel #stitch ,https://www.tiktok.com/@oficialcanaldabelinha/video/7465385156241558790,2025-01-29 17:07:16,97
Canal da Belinha ‚ù§Ô∏è,6988862884261020678,False,"Conta oficial do Canal da Belinha! Administrado por @luakrs
INGRESSOS SHOWS:",oficialcanaldabelinha,False,7465376850009771269,1738168506,4702,142,573,199300,626,Piscina do Stitch Vs Psicina da Angel ,https://www.tiktok.com/@oficialcanaldabelinha/video/7465376850009771269,2025-01-29 16:35:06,15
Canal da Belinha ‚ù§Ô∏è,6988862884261020678,False,"Conta oficial do Canal da Belinha! Administrado por @luakrs
INGRESSOS SHOWS:",oficialcanaldabelinha,False,7462133187498495237,1737413281,3000,60,352,58900,420,Quem escolheu o melhor material escolar na @Livraria Leitura @Leitura - Recife ? #canaldabelinha #materialescolar #publi ,https://www.tiktok.com/@oficialcanaldabelinha/video/7462133187498495237,2025-01-20 22:48:01,90
Canal da Belinha ‚ù§Ô∏è,6988862884261020678,False,"Conta oficial do Canal da Belinha! Administrado por @luakrs
INGRESSOS SHOWS:",oficialcanaldabelinha,False,7462077883553565958,1737400404,2250,37,395,75900,203,Qual voz de princesa voc√™ acha que combina mais com a minha?,https://www.tiktok.com/@oficialcanaldabelinha/video/7462077883553565958,2025-01-20 19:13:24,23
Canal da Belinha ‚ù§Ô∏è,6988862884261020678,False,"Conta oficial do Canal da Belinha! Administrado por @luakrs
INGRESSOS SHOWS:",oficialcanaldabelinha,False,7461988963226520837,1737379699,16400,365,1199,227100,2975,"Batatinha frita 1,2,3 na vida real! Squid Game do Round 6! ",https://www.tiktok.com/@oficialcanaldabelinha/video/7461988963226520837,2025-01-20 13:28:19,44
Canal da Belinha ‚ù§Ô∏è,6988862884261020678,False,"Conta oficial do Canal da Belinha! Administrado por @luakrs
INGRESSOS SHOWS:",oficialcanaldabelinha,False,7460270082711620869,1736979493,11900,136,325,303400,968,Parte 4 e final tentando encontrar a Ana Castela no Navio da boiadeira!,https://www.tiktok.com/@oficialcanaldabelinha/video/7460270082711620869,2025-01-15 22:18:13,62
Canal da Belinha ‚ù§Ô∏è,6988862884261020678,False,"Conta oficial do Canal da Belinha! Administrado por @luakrs
INGRESSOS SHOWS:",oficialcanaldabelinha,False,7459941112694852870,1736902901,13700,94,210,355000,818,O SOFRIMENTO NA PARTE 3! Like pra parte 4 ,https://www.tiktok.com/@oficialcanaldabelinha/video/7459941112694852870,2025-01-15 01:01:41,90
Canal da Belinha ‚ù§Ô∏è,6988862884261020678,False,"Conta oficial do Canal da Belinha! Administrado por @luakrs
INGRESSOS SHOWS:",oficialcanaldabelinha,False,7459446294478703877,1736787691,27100,211,453,341400,1772,Parte 2 tentando encontrar a Ana Castela no navio da boideira! Comenta se quer  parte 3 (ultima),https://www.tiktok.com/@oficialcanaldabelinha/video/7459446294478703877,2025-01-13 17:01:31,89
Canal da Belinha ‚ù§Ô∏è,6988862884261020678,False,"Conta oficial do Canal da Belinha! Administrado por @luakrs
INGRESSOS SHOWS:",oficialcanaldabelinha,False,7459030923141483782,1736690978,75800,670,677,1200000,4835,Ser√° que vamos conseguir realizar o sonho da Belinha de conhecer a Ana Castela e tirar uma foto com ela? #canaldabelinha #navionacastela #anacastela ,https://www.tiktok.com/@oficialcanaldabelinha/video/7459030923141483782,2025-01-12 14:09:38,90
Canal da Belinha ‚ù§Ô∏è,6988862884261020678,False,"Conta oficial do Canal da Belinha! Administrado por @luakrs
INGRESSOS SHOWS:",oficialcanaldabelinha,False,7456834056676723974,1736179479,5420,124,4316,529100,425,Mais um porque voc√™s est√£o gostando muito desse tipo de desafio! Esse est√° mais dif√≠cil! Quem est√° cantando? #canaldabelinha ,https://www.tiktok.com/@oficialcanaldabelinha/video/7456834056676723974,2025-01-06 16:04:39,15
Canal da Belinha ‚ù§Ô∏è,6988862884261020678,False,"Conta oficial do Canal da Belinha! Administrado por @luakrs
INGRESSOS SHOWS:",oficialcanaldabelinha,False,7456527802754649349,1736108176,5895,220,341,580200,619,A Mini Boiadeira vai encontrar a Boiadeiraaaaaaaaa!!!! #anacastela #boiadeira #miniboiadeira ,https://www.tiktok.com/@oficialcanaldabelinha/video/7456527802754649349,2025-01-05 20:16:16,30
Canal da Belinha ‚ù§Ô∏è,6988862884261020678,False,"Conta oficial do Canal da Belinha! Administrado por @luakrs
INGRESSOS SHOWS:",oficialcanaldabelinha,False,7455338073988107526,1735831170,13500,256,11100,1300000,1202,Quem est√° cantando a m√∫sica parte 2! Porque voc√™s amaram a parte 1 e j√° est√° com mais de 2 milh√µes de views! Quero ver quem acerta agora! #canaldabelinha #desafio  ,https://www.tiktok.com/@oficialcanaldabelinha/video/7455338073988107526,2025-01-02 15:19:30,17
Canal da Belinha ‚ù§Ô∏è,6988862884261020678,False,"Conta oficial do Canal da Belinha! Administrado por @luakrs
INGRESSOS SHOWS:",oficialcanaldabelinha,False,7454689140269927686,1735680075,1855,32,114,64800,156,"Obrigada, 2024! FOI INCR√çVEL! #CapCut ",https://www.tiktok.com/@oficialcanaldabelinha/video/7454689140269927686,2024-12-31 21:21:15,16
Canal da Belinha ‚ù§Ô∏è,6988862884261020678,False,"Conta oficial do Canal da Belinha! Administrado por @luakrs
INGRESSOS SHOWS:",oficialcanaldabelinha,False,7454243293820456198,1735576270,61900,1108,42900,5400000,4880,Duvido voc√™ acertar! #valendo ,https://www.tiktok.com/@oficialcanaldabelinha/video/7454243293820456198,2024-12-30 16:31:10,24
Canal da Belinha ‚ù§Ô∏è,6988862884261020678,False,"Conta oficial do Canal da Belinha! Administrado por @luakrs
INGRESSOS SHOWS:",oficialcanaldabelinha,False,7449490779879378182,1734469741,3799,111,202,376700,377,"Eita, m√£e hehehe",https://www.tiktok.com/@oficialcanaldabelinha/video/7449490779879378182,2024-12-17 21:09:01,8
Canal da Belinha ‚ù§Ô∏è,6988862884261020678,False,"Conta oficial do Canal da Belinha! Administrado por @luakrs
INGRESSOS SHOWS:",oficialcanaldabelinha,False,7443192392334888247,1733003285,3703,65,199,169000,361,Ganhei um presente do Enaldinho. *publi,https://www.tiktok.com/@oficialcanaldabelinha/video/7443192392334888247,2024-11-30 21:48:05,41
Canal da Belinha ‚ù§Ô∏è,6988862884261020678,False,"Conta oficial do Canal da Belinha! Administrado por @luakrs
INGRESSOS SHOWS:",oficialcanaldabelinha,False,7441352690002693432,1732574948,7056,127,748,233400,1210,Deu errado! #canaldabelinha #stitch ,https://www.tiktok.com/@oficialcanaldabelinha/video/7441352690002693432,2024-11-25 22:49:08,61
Canal da Belinha ‚ù§Ô∏è,6988862884261020678,False,"Conta oficial do Canal da Belinha! Administrado por @luakrs
INGRESSOS SHOWS:",oficialcanaldabelinha,False,7440841271381413176,1732455871,27400,1033,2955,350300,7059,Se inscreve,https://www.tiktok.com/@oficialcanaldabelinha/video/7440841271381413176,2024-11-24 13:44:31,58
Canal da Belinha ‚ù§Ô∏è,6988862884261020678,False,"Conta oficial do Canal da Belinha! Administrado por @luakrs
INGRESSOS SHOWS:",oficialcanaldabelinha,False,7440233186820476216,1732314290,4564,402,357,196900,531,Quem tamb√©m ama o Stitch? #canaldabelinha #stitch #natal ,https://www.tiktok.com/@oficialcanaldabelinha/video/7440233186820476216,2024-11-22 22:24:50,38
Canal da Belinha ‚ù§Ô∏è,6988862884261020678,False,"Conta oficial do Canal da Belinha! Administrado por @luakrs
INGRESSOS SHOWS:",oficialcanaldabelinha,False,7432321954331249926,1730472311,3773,51,257,137400,348,Quero ver quem acerta mais,https://www.tiktok.com/@oficialcanaldabelinha/video/7432321954331249926,2024-11-01 14:45:11,42
Canal da Belinha ‚ù§Ô∏è,6988862884261020678,False,"Conta oficial do Canal da Belinha! Administrado por @luakrs
INGRESSOS SHOWS:",oficialcanaldabelinha,False,7431979483499875589,1730392572,1908,18,150,42200,177,Tour pelo nosso quarto no hotel da Disney,https://www.tiktok.com/@oficialcanaldabelinha/video/7431979483499875589,2024-10-31 16:36:12,56
Canal da Belinha ‚ù§Ô∏è,6988862884261020678,False,"Conta oficial do Canal da Belinha! Administrado por @luakrs
INGRESSOS SHOWS:",oficialcanaldabelinha,False,7429397002657565958,1729791294,2879,70,333,56600,299,M√∫sica novaaaa!!!! Quero ver todo mundo fazendo o passinho! ,https://www.tiktok.com/@oficialcanaldabelinha/video/7429397002657565958,2024-10-24 17:34:54,20
Canal da Belinha ‚ù§Ô∏è,6988862884261020678,False,"Conta oficial do Canal da Belinha! Administrado por @luakrs
INGRESSOS SHOWS:",oficialcanaldabelinha,False,7421521624995876101,1727957668,6288,168,420,349100,655,"Best, best friend! ",https://www.tiktok.com/@oficialcanaldabelinha/video/7421521624995876101,2024-10-03 12:14:28,17
Canal da Belinha ‚ù§Ô∏è,6988862884261020678,False,"Conta oficial do Canal da Belinha! Administrado por @luakrs
INGRESSOS SHOWS:",oficialcanaldabelinha,False,7420592304857074950,1727741294,2690,41,231,53800,249,S√£o da Belinha em S√£o Paulo,https://www.tiktok.com/@oficialcanaldabelinha/video/7420592304857074950,2024-10-01 00:08:14,22
Canal da Belinha ‚ù§Ô∏è,6988862884261020678,False,"Conta oficial do Canal da Belinha! Administrado por @luakrs
INGRESSOS SHOWS:",oficialcanaldabelinha,False,7420572270877494534,1727736631,3684,40,300,126600,340,Ganhei um presente incr√≠vel do goleiro do palmeiras,https://www.tiktok.com/@oficialcanaldabelinha/video/7420572270877494534,2024-09-30 22:50:31,30
Canal da Belinha ‚ù§Ô∏è,6988862884261020678,False,"Conta oficial do Canal da Belinha! Administrado por @luakrs
INGRESSOS SHOWS:",oficialcanaldabelinha,False,7418977687244459269,1727365358,7000,82,168,336800,728,Clipe novo do vinibug,https://www.tiktok.com/@oficialcanaldabelinha/video/7418977687244459269,2024-09-26 15:42:38,24
Canal da Belinha ‚ù§Ô∏è,6988862884261020678,False,"Conta oficial do Canal da Belinha! Administrado por @luakrs
INGRESSOS SHOWS:",oficialcanaldabelinha,False,7418355627103128838,1727220525,6830,286,257,172500,602,Quando vou na farm√°cia com minha m√£e! #canaldabelinha #carmed ,https://www.tiktok.com/@oficialcanaldabelinha/video/7418355627103128838,2024-09-24 23:28:45,7
Canal da Belinha ‚ù§Ô∏è,6988862884261020678,False,"Conta oficial do Canal da Belinha! Administrado por @luakrs
INGRESSOS SHOWS:",oficialcanaldabelinha,False,7417990851701378310,1727135621,2793,27,132,52300,238,Agora √© esperar as notas kkkk #canaldabelinha ,https://www.tiktok.com/@oficialcanaldabelinha/video/7417990851701378310,2024-09-23 23:53:41,6
Canal da Belinha ‚ù§Ô∏è,6988862884261020678,False,"Conta oficial do Canal da Belinha! Administrado por @luakrs
INGRESSOS SHOWS:",oficialcanaldabelinha,False,7416514414876069125,1726791837,169900,5706,1040,4900000,11700,Que show da Xuxa √© esse? ,https://www.tiktok.com/@oficialcanaldabelinha/video/7416514414876069125,2024-09-20 00:23:57,10
Canal da Belinha ‚ù§Ô∏è,6988862884261020678,False,"Conta oficial do Canal da Belinha! Administrado por @luakrs
INGRESSOS SHOWS:",oficialcanaldabelinha,False,7416149133032967430,1726706786,9032,836,378,662100,1111,"N√£o tenho mais onde colocar, mas quero maissssss #canaldabelinha #stitch ",https://www.tiktok.com/@oficialcanaldabelinha/video/7416149133032967430,2024-09-19 00:46:26,16
Canal da Belinha ‚ù§Ô∏è,6988862884261020678,False,"Conta oficial do Canal da Belinha! Administrado por @luakrs
INGRESSOS SHOWS:",oficialcanaldabelinha,False,7415721304508222725,1726607176,3036,46,327,128000,262,Comenta aqui qual foi o seu preferido! #canaldabelinha ,https://www.tiktok.com/@oficialcanaldabelinha/video/7415721304508222725,2024-09-17 21:06:16,12
Canal da Belinha ‚ù§Ô∏è,6988862884261020678,False,"Conta oficial do Canal da Belinha! Administrado por @luakrs
INGRESSOS SHOWS:",oficialcanaldabelinha,False,7413769476925132037,1726152726,5373,161,190,168300,518,"Eu j√° entendiii, m√£eeeeeüò≠",https://www.tiktok.com/@oficialcanaldabelinha/video/7413769476925132037,2024-09-12 14:52:06,7
Canal da Belinha ‚ù§Ô∏è,6988862884261020678,False,"Conta oficial do Canal da Belinha! Administrado por @luakrs
INGRESSOS SHOWS:",oficialcanaldabelinha,False,7401169207548857605,1723218997,7521,189,570,277100,776,QUAL √â A SUA COR PREFERIDA? A minha √© turquesa! #canaldabelinha #emilyvick ,https://www.tiktok.com/@oficialcanaldabelinha/video/7401169207548857605,2024-08-09 15:56:37,21
Canal da Belinha ‚ù§Ô∏è,6988862884261020678,False,"Conta oficial do Canal da Belinha! Administrado por @luakrs
INGRESSOS SHOWS:",oficialcanaldabelinha,False,7393443789601393926,1721420281,6534,151,478,413800,755,"J√° t√¥ com meu carmed para retocar! M√∫sica novaaa, quero ver todo mundo fazendo a dancinha! ",https://www.tiktok.com/@oficialcanaldabelinha/video/7393443789601393926,2024-07-19 20:18:01,33
Canal da Belinha ‚ù§Ô∏è,6988862884261020678,False,"Conta oficial do Canal da Belinha! Administrado por @luakrs
INGRESSOS SHOWS:",oficialcanaldabelinha,False,7388876885305986309,1720356964,6418,99,233,217400,598,"Show da Belinha em Caruaru - PE! Ingressos esgotados e energia surreal! Obrigada, Caruaru, foi demais! ",https://www.tiktok.com/@oficialcanaldabelinha/video/7388876885305986309,2024-07-07 12:56:04,9
Canal da Belinha ‚ù§Ô∏è,6988862884261020678,False,"Conta oficial do Canal da Belinha! Administrado por @luakrs
INGRESSOS SHOWS:",oficialcanaldabelinha,False,7387586933154647301,1720056624,19100,411,24500,1300000,2412,Qual voc√™ prefere? #canaldabelinha #divertidamente ,https://www.tiktok.com/@oficialcanaldabelinha/video/7387586933154647301,2024-07-04 01:30:24,13
Canal da Belinha ‚ù§Ô∏è,6988862884261020678,False,"Conta oficial do Canal da Belinha! Administrado por @luakrs
INGRESSOS SHOWS:",oficialcanaldabelinha,False,7381608428856265989,1718664646,8528,197,10400,390600,1097,Qual voc√™ prefere?,https://www.tiktok.com/@oficialcanaldabelinha/video/7381608428856265989,2024-06-17 22:50:46,13
Canal da Belinha ‚ù§Ô∏è,6988862884261020678,False,"Conta oficial do Canal da Belinha! Administrado por @luakrs
INGRESSOS SHOWS:",oficialcanaldabelinha,False,7380158427856768261,1718327040,6403,176,224,542000,807,Carro do stitch ,https://www.tiktok.com/@oficialcanaldabelinha/video/7380158427856768261,2024-06-14 01:04:00,67
Canal da Belinha ‚ù§Ô∏è,6988862884261020678,False,"Conta oficial do Canal da Belinha! Administrado por @luakrs
INGRESSOS SHOWS:",oficialcanaldabelinha,False,7373105299244256517,1716684857,5594,112,252,153500,522,TUDO QUE TINHA NA MINHA FESTA DE 11 ANOS ,https://www.tiktok.com/@oficialcanaldabelinha/video/7373105299244256517,2024-05-26 00:54:17,56
Canal da Belinha ‚ù§Ô∏è,6988862884261020678,False,"Conta oficial do Canal da Belinha! Administrado por @luakrs
INGRESSOS SHOWS:",oficialcanaldabelinha,False,7372302964028886277,1716498048,5449,72,1462,169600,522,NOVAS SAND√ÅLIAS DA BELINHA! Qual sua cor preferida? ,https://www.tiktok.com/@oficialcanaldabelinha/video/7372302964028886277,2024-05-23 21:00:48,18
Canal da Belinha ‚ù§Ô∏è,6988862884261020678,False,"Conta oficial do Canal da Belinha! Administrado por @luakrs
INGRESSOS SHOWS:",oficialcanaldabelinha,False,7365207662956383493,1714846043,4344,66,228,70200,446,Estou concorrendo,https://www.tiktok.com/@oficialcanaldabelinha/video/7365207662956383493,2024-05-04 18:07:23,51
Canal da Belinha ‚ù§Ô∏è,6988862884261020678,False,"Conta oficial do Canal da Belinha! Administrado por @luakrs
INGRESSOS SHOWS:",oficialcanaldabelinha,False,7361862870558199045,1714067275,4112,53,209,88600,432,top finis,https://www.tiktok.com/@oficialcanaldabelinha/video/7361862870558199045,2024-04-25 17:47:55,90
Canal da Belinha ‚ù§Ô∏è,6988862884261020678,False,"Conta oficial do Canal da Belinha! Administrado por @luakrs
INGRESSOS SHOWS:",oficialcanaldabelinha,False,7361135908390702341,1713898015,2752,31,91,64500,247,Quem vai vencer? # canaldabelinha ,https://www.tiktok.com/@oficialcanaldabelinha/video/7361135908390702341,2024-04-23 18:46:55,105
Canal da Belinha ‚ù§Ô∏è,6988862884261020678,False,"Conta oficial do Canal da Belinha! Administrado por @luakrs
INGRESSOS SHOWS:",oficialcanaldabelinha,False,7360824536427793670,1713825519,3030,54,101,59300,282,NOVA SANDALIA DA BELINHA! #canaldabelinha ,https://www.tiktok.com/@oficialcanaldabelinha/video/7360824536427793670,2024-04-22 22:38:39,43
Canal da Belinha ‚ù§Ô∏è,6988862884261020678,False,"Conta oficial do Canal da Belinha! Administrado por @luakrs
INGRESSOS SHOWS:",oficialcanaldabelinha,False,7359362469304864006,1713485105,5270,86,226,193700,745,CARMED BARBIE GIGANTEEEE #canaldabelinha #carmed #carmedbarbie ,https://www.tiktok.com/@oficialcanaldabelinha/video/7359362469304864006,2024-04-19 00:05:05,85
Canal da Belinha ‚ù§Ô∏è,6988862884261020678,False,"Conta oficial do Canal da Belinha! Administrado por @luakrs
INGRESSOS SHOWS:",oficialcanaldabelinha,False,7359359967209590021,1713484523,5740,126,338,257600,749,CARMED DA BARBIE GIGANTE! #canaldabelinha #carmed #carmedbarbie ,https://www.tiktok.com/@oficialcanaldabelinha/video/7359359967209590021,2024-04-18 23:55:23,29
Canal da Belinha ‚ù§Ô∏è,6988862884261020678,False,"Conta oficial do Canal da Belinha! Administrado por @luakrs
INGRESSOS SHOWS:",oficialcanaldabelinha,False,7358530613252525318,1713291423,6141,103,3613,148300,608,Quero ver quem sabe! #canaldabelinha ,https://www.tiktok.com/@oficialcanaldabelinha/video/7358530613252525318,2024-04-16 18:17:03,28
Canal da Belinha ‚ù§Ô∏è,6988862884261020678,False,"Conta oficial do Canal da Belinha! Administrado por @luakrs
INGRESSOS SHOWS:",oficialcanaldabelinha,False,7358132519151176966,1713198733,2548,32,97,50400,238,#canaldabelinha #naoestasendofacil #acordarcedo ,https://www.tiktok.com/@oficialcanaldabelinha/video/7358132519151176966,2024-04-15 16:32:13,14
Canal da Belinha ‚ù§Ô∏è,6988862884261020678,False,"Conta oficial do Canal da Belinha! Administrado por @luakrs
INGRESSOS SHOWS:",oficialcanaldabelinha,False,7352945256012238085,1711990979,2262,32,71,48000,206,Quem mais √© assim? ,https://www.tiktok.com/@oficialcanaldabelinha/video/7352945256012238085,2024-04-01 17:02:59,5
Canal da Belinha ‚ù§Ô∏è,6988862884261020678,False,"Conta oficial do Canal da Belinha! Administrado por @luakrs
INGRESSOS SHOWS:",oficialcanaldabelinha,False,7349549147231407366,1711200261,3554,29,75,85300,367,Uma viagem inesquec√≠vel para a Sui√ßa! üíúüíñüíõ ,https://www.tiktok.com/@oficialcanaldabelinha/video/7349549147231407366,2024-03-23 13:24:21,16
Canal da Belinha ‚ù§Ô∏è,6988862884261020678,False,"Conta oficial do Canal da Belinha! Administrado por @luakrs
INGRESSOS SHOWS:",oficialcanaldabelinha,False,7346718636310154501,1710541235,3372,84,383,72900,367,Grava e bomba #gravaebomba #canaldabelinha ,https://www.tiktok.com/@oficialcanaldabelinha/video/7346718636310154501,2024-03-15 22:20:35,28
Canal da Belinha ‚ù§Ô∏è,6988862884261020678,False,"Conta oficial do Canal da Belinha! Administrado por @luakrs
INGRESSOS SHOWS:",oficialcanaldabelinha,False,7346625764650978566,1710519608,3206,109,128,67400,368,Minha m√∫sica novaaaaa! #GRAVAEBOMBA #canaldabelinha ,https://www.tiktok.com/@oficialcanaldabelinha/video/7346625764650978566,2024-03-15 16:20:08,26
Canal da Belinha ‚ù§Ô∏è,6988862884261020678,False,"Conta oficial do Canal da Belinha! Administrado por @luakrs
INGRESSOS SHOWS:",oficialcanaldabelinha,False,7346193088462851334,1710418869,2972,58,94,48000,293,Grava√ß√£o do meu novo clipe!,https://www.tiktok.com/@oficialcanaldabelinha/video/7346193088462851334,2024-03-14 12:21:09,62
Canal da Belinha ‚ù§Ô∏è,6988862884261020678,False,"Conta oficial do Canal da Belinha! Administrado por @luakrs
INGRESSOS SHOWS:",oficialcanaldabelinha,False,7344786755863760134,1710091430,2960,71,75,51700,306,"Quando minha m√£e proibe, mas a minha v√≥ deixa! #canaldabelinha #av√≥ #m√£e ",https://www.tiktok.com/@oficialcanaldabelinha/video/7344786755863760134,2024-03-10 17:23:50,11
Canal da Belinha ‚ù§Ô∏è,6988862884261020678,False,"Conta oficial do Canal da Belinha! Administrado por @luakrs
INGRESSOS SHOWS:",oficialcanaldabelinha,False,7343391199610293510,1709766504,2200,14,54,46600,199,Torta na cara #canaldabelinha ,https://www.tiktok.com/@oficialcanaldabelinha/video/7343391199610293510,2024-03-06 23:08:24,87
Canal da Belinha ‚ù§Ô∏è,6988862884261020678,False,"Conta oficial do Canal da Belinha! Administrado por @luakrs
INGRESSOS SHOWS:",oficialcanaldabelinha,False,7343030573117492485,1709682538,2512,26,74,49100,227,Quem vai levar torta na cara? #canaldabelinha #desafio #tortanacara ,https://www.tiktok.com/@oficialcanaldabelinha/video/7343030573117492485,2024-03-05 23:48:58,68
Canal da Belinha ‚ù§Ô∏è,6988862884261020678,False,"Conta oficial do Canal da Belinha! Administrado por @luakrs
INGRESSOS SHOWS:",oficialcanaldabelinha,False,7341183042175700230,1709252377,2194,18,48,43700,206,Mais algu√©m? #canaldabelinha ,https://www.tiktok.com/@oficialcanaldabelinha/video/7341183042175700230,2024-03-01 00:19:37,14
Canal da Belinha ‚ù§Ô∏è,6988862884261020678,False,"Conta oficial do Canal da Belinha! Administrado por @luakrs
INGRESSOS SHOWS:",oficialcanaldabelinha,False,7340067972175711493,1708992754,3579,77,2896,154700,442,Quem vai ganhar? #canaldabelinha #stitch #minions  ,https://www.tiktok.com/@oficialcanaldabelinha/video/7340067972175711493,2024-02-27 00:12:34,18
Canal da Belinha ‚ù§Ô∏è,6988862884261020678,False,"Conta oficial do Canal da Belinha! Administrado por @luakrs
INGRESSOS SHOWS:",oficialcanaldabelinha,False,7338477747548785926,1708622500,3434,57,2975,111000,417,Quem ganha? #stitch #barbie #canaldabelinha ,https://www.tiktok.com/@oficialcanaldabelinha/video/7338477747548785926,2024-02-22 17:21:40,18
Canal da Belinha ‚ù§Ô∏è,6988862884261020678,False,"Conta oficial do Canal da Belinha! Administrado por @luakrs
INGRESSOS SHOWS:",oficialcanaldabelinha,False,7338110013887630597,1708536881,3419,37,5194,84000,344,Palmeiras ou Corinthians? #canaldabelinha #palmeiras #corinthians ,https://www.tiktok.com/@oficialcanaldabelinha/video/7338110013887630597,2024-02-21 17:34:41,10
Canal da Belinha ‚ù§Ô∏è,6988862884261020678,False,"Conta oficial do Canal da Belinha! Administrado por @luakrs
INGRESSOS SHOWS:",oficialcanaldabelinha,False,7337735485902589189,1708449679,10200,185,13500,352100,1472,Quem vai ganhar? #cnaaldabelinha #stitch #pikachu ,https://www.tiktok.com/@oficialcanaldabelinha/video/7337735485902589189,2024-02-20 17:21:19,15
Canal da Belinha ‚ù§Ô∏è,6988862884261020678,False,"Conta oficial do Canal da Belinha! Administrado por @luakrs
INGRESSOS SHOWS:",oficialcanaldabelinha,False,7336357490721819909,1708128840,2680,36,89,53700,266,N√£o sou t√£o forte como eu pensava! #canaldabelinha ,https://www.tiktok.com/@oficialcanaldabelinha/video/7336357490721819909,2024-02-17 00:14:00,9
Canal da Belinha ‚ù§Ô∏è,6988862884261020678,False,"Conta oficial do Canal da Belinha! Administrado por @luakrs
INGRESSOS SHOWS:",oficialcanaldabelinha,False,7335884136290225414,1708018628,3369,46,66,83200,327,Acerte a regra misteriosa e leve tudo! #canaldabelinha #regramisteriosa ,https://www.tiktok.com/@oficialcanaldabelinha/video/7335884136290225414,2024-02-15 17:37:08,84
Canal da Belinha ‚ù§Ô∏è,6988862884261020678,False,"Conta oficial do Canal da Belinha! Administrado por @luakrs
INGRESSOS SHOWS:",oficialcanaldabelinha,False,7335518803322850565,1707933569,2545,13,71,48900,230,Minha fam√≠lia vers√£o Disney! #canaldabelinha #disney #familia ,https://www.tiktok.com/@oficialcanaldabelinha/video/7335518803322850565,2024-02-14 17:59:29,58
Canal da Belinha ‚ù§Ô∏è,6988862884261020678,False,"Conta oficial do Canal da Belinha! Administrado por @luakrs
INGRESSOS SHOWS:",oficialcanaldabelinha,False,7334496172385570053,1707695470,7205,55,1975,251100,752,Quero ver quem vai acertar! #canaldabelinha ,https://www.tiktok.com/@oficialcanaldabelinha/video/7334496172385570053,2024-02-11 23:51:10,15
Canal da Belinha ‚ù§Ô∏è,6988862884261020678,False,"Conta oficial do Canal da Belinha! Administrado por @luakrs
INGRESSOS SHOWS:",oficialcanaldabelinha,False,7332961280627707141,1707338099,4560,163,501,133900,507,Veeem curtir a vidaaa! Ainda n√£o tinha feito a dancinha de chegou o ver√£o aqui no tik tok! üíõüíñüíú #canaldabelinha #stitch ,https://www.tiktok.com/@oficialcanaldabelinha/video/7332961280627707141,2024-02-07 20:34:59,18
Canal da Belinha ‚ù§Ô∏è,6988862884261020678,False,"Conta oficial do Canal da Belinha! Administrado por @luakrs
INGRESSOS SHOWS:",oficialcanaldabelinha,False,7332544914556783877,1707241154,4080,202,161,91100,395,Algu√©m mais? üòÖüòÖüòÖüòÖ #canaldabelinha #voltaasaulas ,https://www.tiktok.com/@oficialcanaldabelinha/video/7332544914556783877,2024-02-06 17:39:14,21
Canal da Belinha ‚ù§Ô∏è,6988862884261020678,False,"Conta oficial do Canal da Belinha! Administrado por @luakrs
INGRESSOS SHOWS:",oficialcanaldabelinha,False,7331392883146198278,1706972927,2608,27,55,54000,233,Qual seu @Carmed preferido? O meu √© o ma√ßa do amor! #canaldabelinha #carmed ,https://www.tiktok.com/@oficialcanaldabelinha/video/7331392883146198278,2024-02-03 15:08:47,5
Canal da Belinha ‚ù§Ô∏è,6988862884261020678,False,"Conta oficial do Canal da Belinha! Administrado por @luakrs
INGRESSOS SHOWS:",oficialcanaldabelinha,False,7331115750708612358,1706908403,18500,350,272,734600,2136,Mais algu√©m √© assim? #canaldabelinha ,https://www.tiktok.com/@oficialcanaldabelinha/video/7331115750708612358,2024-02-02 21:13:23,6
Canal da Belinha ‚ù§Ô∏è,6988862884261020678,False,"Conta oficial do Canal da Belinha! Administrado por @luakrs
INGRESSOS SHOWS:",oficialcanaldabelinha,False,7330695419313310981,1706810535,4097,146,176,73300,413,Quem mais gosta do Stitch comenta ‚Äúeu‚Äù! #canaldabelinha #stitch ,https://www.tiktok.com/@oficialcanaldabelinha/video/7330695419313310981,2024-02-01 18:02:15,10
Canal da Belinha ‚ù§Ô∏è,6988862884261020678,False,"Conta oficial do Canal da Belinha! Administrado por @luakrs
INGRESSOS SHOWS:",oficialcanaldabelinha,False,7327452129277250821,1706055399,3896,103,116,127100,384,Rotina de um dia de show! #canaldabelinha ,https://www.tiktok.com/@oficialcanaldabelinha/video/7327452129277250821,2024-01-24 00:16:39,99
Canal da Belinha ‚ù§Ô∏è,6988862884261020678,False,"Conta oficial do Canal da Belinha! Administrado por @luakrs
INGRESSOS SHOWS:",oficialcanaldabelinha,False,7324445546662415621,1705355375,3102,48,278,60600,299,#canaldabelinha #ferias ,https://www.tiktok.com/@oficialcanaldabelinha/video/7324445546662415621,2024-01-15 21:49:35,12
Canal da Belinha ‚ù§Ô∏è,6988862884261020678,False,"Conta oficial do Canal da Belinha! Administrado por @luakrs
INGRESSOS SHOWS:",oficialcanaldabelinha,False,7320824684377853189,1704512327,3397,35,95,65300,338,Top princesas Disney na Disney T√≥quio! Qual √© o top princesas de voc√™s? #canaldabelinha #disney ,https://www.tiktok.com/@oficialcanaldabelinha/video/7320824684377853189,2024-01-06 03:38:47,85
Canal da Belinha ‚ù§Ô∏è,6988862884261020678,False,"Conta oficial do Canal da Belinha! Administrado por @luakrs
INGRESSOS SHOWS:",oficialcanaldabelinha,False,7316658169575476485,1703542238,3261,29,77,68700,339,Vog da minha primeira vez na Disney! #disney #canaldabelinha #disneyparis #disneynoinverno ,https://www.tiktok.com/@oficialcanaldabelinha/video/7316658169575476485,2023-12-25 22:10:38,95
Canal da Belinha ‚ù§Ô∏è,6988862884261020678,False,"Conta oficial do Canal da Belinha! Administrado por @luakrs
INGRESSOS SHOWS:",oficialcanaldabelinha,False,7316237248624725254,1703444231,3900,98,123,200300,376,O terror de toda crian√ßa‚Ä¶ #canaldabelinha #euanoteioseunome ,https://www.tiktok.com/@oficialcanaldabelinha/video/7316237248624725254,2023-12-24 18:57:11,10
Canal da Belinha ‚ù§Ô∏è,6988862884261020678,False,"Conta oficial do Canal da Belinha! Administrado por @luakrs
INGRESSOS SHOWS:",oficialcanaldabelinha,False,7306182534021336326,1701103186,3456,33,62,116000,324,Escolhendo material escolar 2024 com esse ou aquele na @Livraria Leitura @Leitura - Recife ! Qual parte do material voc√™ mais gostou? #canaldabelinha #materialescolar ,https://www.tiktok.com/@oficialcanaldabelinha/video/7306182534021336326,2023-11-27 16:39:46,64
Canal da Belinha ‚ù§Ô∏è,6988862884261020678,False,"Conta oficial do Canal da Belinha! Administrado por @luakrs
INGRESSOS SHOWS:",oficialcanaldabelinha,False,7303715901864480006,1700528879,10800,228,20100,589200,1522,Aqui tem mais meninos ou meninas? #canaldabelinha #vinibug ,https://www.tiktok.com/@oficialcanaldabelinha/video/7303715901864480006,2023-11-21 01:07:59,8
Canal da Belinha ‚ù§Ô∏è,6988862884261020678,False,"Conta oficial do Canal da Belinha! Administrado por @luakrs
INGRESSOS SHOWS:",oficialcanaldabelinha,False,7297294132999982342,1699033694,3895,136,162,65400,444,Princesinha do youtube ta a√≠‚Ä¶ #canaldabelinha ,https://www.tiktok.com/@oficialcanaldabelinha/video/7297294132999982342,2023-11-03 17:48:14,20
Canal da Belinha ‚ù§Ô∏è,6988862884261020678,False,"Conta oficial do Canal da Belinha! Administrado por @luakrs
INGRESSOS SHOWS:",oficialcanaldabelinha,False,7294759674048449798,1698443593,5308,159,122,157500,622,Prontissimas para a festa de halloween! #canaldabelinha #wandinha #cinderela #megan #vampira #macarena #macarenachallenge ,https://www.tiktok.com/@oficialcanaldabelinha/video/7294759674048449798,2023-10-27 21:53:13,12
Canal da Belinha ‚ù§Ô∏è,6988862884261020678,False,"Conta oficial do Canal da Belinha! Administrado por @luakrs
INGRESSOS SHOWS:",oficialcanaldabelinha,False,7292435748979019014,1697902512,7541,211,268,286700,781,Spoilers do meu novo clipe: Princesinha do youtube! #canaldabelinha #musicanova #spoiler ,https://www.tiktok.com/@oficialcanaldabelinha/video/7292435748979019014,2023-10-21 15:35:12,68
Canal da Belinha ‚ù§Ô∏è,6988862884261020678,False,"Conta oficial do Canal da Belinha! Administrado por @luakrs
INGRESSOS SHOWS:",oficialcanaldabelinha,False,7287334582750399750,1696714806,12600,438,190,1100000,1802,"Sei que eu n√£o sou nenhuma especialista, mas se me der um palco pra eu cantar, desmonto e derrubo todo esse lugar! üíúüíõüíñ #CapCut ",https://www.tiktok.com/@oficialcanaldabelinha/video/7287334582750399750,2023-10-07 21:40:06,19
Canal da Belinha ‚ù§Ô∏è,6988862884261020678,False,"Conta oficial do Canal da Belinha! Administrado por @luakrs
INGRESSOS SHOWS:",oficialcanaldabelinha,False,7282805172248628486,1695660219,6583,183,528,144800,618,Quem √© voc√™ no Canal da Belinha? Printa e comenta aqui embaixo quem √©! #canaldabelinha ,https://www.tiktok.com/@oficialcanaldabelinha/video/7282805172248628486,2023-09-25 16:43:39,11
Canal da Belinha ‚ù§Ô∏è,6988862884261020678,False,"Conta oficial do Canal da Belinha! Administrado por @luakrs
INGRESSOS SHOWS:",oficialcanaldabelinha,False,7277255349437074693,1694368051,5257,117,174,116800,665,"Show da Belinha em Recife, primeiro dia foi incr√≠vel! Hoje tem mais! #canaldabelinha ",https://www.tiktok.com/@oficialcanaldabelinha/video/7277255349437074693,2023-09-10 17:47:31,25
Canal da Belinha ‚ù§Ô∏è,6988862884261020678,False,"Conta oficial do Canal da Belinha! Administrado por @luakrs
INGRESSOS SHOWS:",oficialcanaldabelinha,False,7270272630958132485,1692742261,3200,23,69,89200,335,Quem vai levar tortada? #canaldabelinha #tortanacara ,https://www.tiktok.com/@oficialcanaldabelinha/video/7270272630958132485,2023-08-22 22:11:01,54
Canal da Belinha ‚ù§Ô∏è,6988862884261020678,False,"Conta oficial do Canal da Belinha! Administrado por @luakrs
INGRESSOS SHOWS:",oficialcanaldabelinha,False,7268032264867499269,1692220635,3150,40,35,88300,345,DESAFIO DO COPO COM A TURMA DA BELINHA! #desafiodocopo #desafio #canaldabelinha @Beatriz Rodrigues @Sarah Oliveira @Luany Matos ,https://www.tiktok.com/@oficialcanaldabelinha/video/7268032264867499269,2023-08-16 21:17:15,41
Canal da Belinha ‚ù§Ô∏è,6988862884261020678,False,"Conta oficial do Canal da Belinha! Administrado por @luakrs
INGRESSOS SHOWS:",oficialcanaldabelinha,False,7265336531664112902,1691592984,4115,54,84,73600,415,Na @Livraria Leitura encontrei o presente perfeito para o meu pai! E voc√™? J√° comprou o presente do seu pai? #canaldabelinha #diadospais #presenteparaopai #presentediadospais ,https://www.tiktok.com/@oficialcanaldabelinha/video/7265336531664112902,2023-08-09 14:56:24,59
Canal da Belinha ‚ù§Ô∏è,6988862884261020678,False,"Conta oficial do Canal da Belinha! Administrado por @luakrs
INGRESSOS SHOWS:",oficialcanaldabelinha,False,7262107025608412422,1690841059,3948,391,154,64600,544,As aulas voltaram e eu vim ensinar como fazer o meu penteado pra voc√™s irem pra escola em grande estilo! Fa√ßam e me marquem porque vou repostar alguns e comentar tamb√©m! üíõüíúüíñ Estou ansiosa pra ver como voc√™s v√£o ficar! #canaldabelinha ,https://www.tiktok.com/@oficialcanaldabelinha/video/7262107025608412422,2023-07-31 22:04:19,89
Canal da Belinha ‚ù§Ô∏è,6988862884261020678,False,"Conta oficial do Canal da Belinha! Administrado por @luakrs
INGRESSOS SHOWS:",oficialcanaldabelinha,False,7257627149618662661,1689798005,5392,164,68,397300,690,A @Beatriz Rodrigues pediu revanche! Ent√£o vamos ver se ela vence da Belinha agora! Hahahaha #canaldabelinha #desafiodabexiga #quemperdercai #piscina ,https://www.tiktok.com/@oficialcanaldabelinha/video/7257627149618662661,2023-07-19 20:20:05,97
Canal da Belinha ‚ù§Ô∏è,6988862884261020678,False,"Conta oficial do Canal da Belinha! Administrado por @luakrs
INGRESSOS SHOWS:",oficialcanaldabelinha,False,7256872185736842502,1689622227,7618,136,69,569100,793,Comentem qual o pr√≥ximo desafio a gente deve fazer! #canaldabelinha #trend #oquetemnaescola #adivinhequal√© ,https://www.tiktok.com/@oficialcanaldabelinha/video/7256872185736842502,2023-07-17 19:30:27,76
Canal da Belinha ‚ù§Ô∏è,6988862884261020678,False,"Conta oficial do Canal da Belinha! Administrado por @luakrs
INGRESSOS SHOWS:",oficialcanaldabelinha,False,7256050171195182342,1689430834,3390,35,29,120400,315,O caos desse v√≠deo hahhahahha! Pra quem voc√™s estavam torcendo? #canaldabelinha #desafio #challenge #quemperdercainapiscina #piscina ,https://www.tiktok.com/@oficialcanaldabelinha/video/7256050171195182342,2023-07-15 14:20:34,74
Canal da Belinha ‚ù§Ô∏è,6988862884261020678,False,"Conta oficial do Canal da Belinha! Administrado por @luakrs
INGRESSOS SHOWS:",oficialcanaldabelinha,False,7255381448390380806,1689275136,6497,267,116,838600,911,Quem ficar sem bal√µes primeiro cai na piscina! @Beatriz Rodrigues Megan vs Belinha Batatinha Frita! #desafio #bexiga #piscina #megan #canaldabelinha #desafiodabexiga ,https://www.tiktok.com/@oficialcanaldabelinha/video/7255381448390380806,2023-07-13 19:05:36,86
Canal da Belinha ‚ù§Ô∏è,6988862884261020678,False,"Conta oficial do Canal da Belinha! Administrado por @luakrs
INGRESSOS SHOWS:",oficialcanaldabelinha,False,7249138336890096902,1687821550,7179,232,153,300100,880,Hoje teve festa na piscina no Canal da Belinha! Quem viu?! #canaldabelinha #festanapiscina #poolparty #lovelove ,https://www.tiktok.com/@oficialcanaldabelinha/video/7249138336890096902,2023-06-26 23:19:10,20
Canal da Belinha ‚ù§Ô∏è,6988862884261020678,False,"Conta oficial do Canal da Belinha! Administrado por @luakrs
INGRESSOS SHOWS:",oficialcanaldabelinha,False,7247977756682636550,1687551330,4713,80,51,209300,525,Voc√™s estavam torcendo pra quem? #desafiodocopo #canaldabelinha #wandinha #wednesday #enid ,https://www.tiktok.com/@oficialcanaldabelinha/video/7247977756682636550,2023-06-23 20:15:30,66
Canal da Belinha ‚ù§Ô∏è,6988862884261020678,False,"Conta oficial do Canal da Belinha! Administrado por @luakrs
INGRESSOS SHOWS:",oficialcanaldabelinha,False,7247155960299490566,1687359990,3878,63,45,153500,390,Quem voc√™s querem no pr√≥ximo desafio? #canaldabelinha #wandinha #enid ,https://www.tiktok.com/@oficialcanaldabelinha/video/7247155960299490566,2023-06-21 15:06:30,71
Canal da Belinha ‚ù§Ô∏è,6988862884261020678,False,"Conta oficial do Canal da Belinha! Administrado por @luakrs
INGRESSOS SHOWS:",oficialcanaldabelinha,False,7232094344369507590,1683853184,7833,203,150,407000,886,Fim das grava√ß√µes com essas lindas! üíñüíúüíõ #canaldabelinha #kpop @Izadora Oliveira @Ellyqueiroz ,https://www.tiktok.com/@oficialcanaldabelinha/video/7232094344369507590,2023-05-12 00:59:44,19
Canal da Belinha ‚ù§Ô∏è,6988862884261020678,False,"Conta oficial do Canal da Belinha! Administrado por @luakrs
INGRESSOS SHOWS:",oficialcanaldabelinha,False,7229851041179766022,1683330877,5344,82,96,125100,494,Acontece com mais algu√©m? #canaldabelinha #meme #estudar ,https://www.tiktok.com/@oficialcanaldabelinha/video/7229851041179766022,2023-05-05 23:54:37,8
Canal da Belinha ‚ù§Ô∏è,6988862884261020678,False,"Conta oficial do Canal da Belinha! Administrado por @luakrs
INGRESSOS SHOWS:",oficialcanaldabelinha,False,7228221152139742470,1682951386,12100,381,228,825200,1257,Simplesmente coloquei um pijama meu em todo mundo kkkkkkkk e consegui fazer at√© minha v√≥ e minha tia participarem do v√≠deo kkkk #canaldabelinha @ViniBug @Esdras Matos @Lua üåô ,https://www.tiktok.com/@oficialcanaldabelinha/video/7228221152139742470,2023-05-01 14:29:46,22
Canal da Belinha ‚ù§Ô∏è,6988862884261020678,False,"Conta oficial do Canal da Belinha! Administrado por @luakrs
INGRESSOS SHOWS:",oficialcanaldabelinha,False,7227891560749305094,1682874648,2871,18,33,71400,278,Amei fazer esse desafio! Hahahaha querem mais? #canaldabelinha #voiceeffects ,https://www.tiktok.com/@oficialcanaldabelinha/video/7227891560749305094,2023-04-30 17:10:48,68
Canal da Belinha ‚ù§Ô∏è,6988862884261020678,False,"Conta oficial do Canal da Belinha! Administrado por @luakrs
INGRESSOS SHOWS:",oficialcanaldabelinha,False,7223513605960928518,1681855327,5413,115,464,212500,656,Assista o v√≠deo em que constru√≠mos esse quarto l√° no Canal da Belinha no youtube! #canaldabelinha #supermariobros #supermario #barbie ,https://www.tiktok.com/@oficialcanaldabelinha/video/7223513605960928518,2023-04-18 22:02:07,67
Canal da Belinha ‚ù§Ô∏è,6988862884261020678,False,"Conta oficial do Canal da Belinha! Administrado por @luakrs
INGRESSOS SHOWS:",oficialcanaldabelinha,False,7221330509043928325,1681347034,5705,69,75,202300,548,Isso ou aquilo com plaquinhas! #canaldabelinha #issoouaquilo #kinderovo ,https://www.tiktok.com/@oficialcanaldabelinha/video/7221330509043928325,2023-04-13 00:50:34,66
Canal da Belinha ‚ù§Ô∏è,6988862884261020678,False,"Conta oficial do Canal da Belinha! Administrado por @luakrs
INGRESSOS SHOWS:",oficialcanaldabelinha,False,7220899371431267590,1681246651,3847,37,105,68300,372,Looks que o pessoal do Canal da Belinha escolheu para cada ocasi√£o nas @Lojas Renner ! #canaldabelinha #fashionfamous #lookdodia #escolhendolook ,https://www.tiktok.com/@oficialcanaldabelinha/video/7220899371431267590,2023-04-11 20:57:31,107
Canal da Belinha ‚ù§Ô∏è,6988862884261020678,False,"Conta oficial do Canal da Belinha! Administrado por @luakrs
INGRESSOS SHOWS:",oficialcanaldabelinha,False,7215208072824982790,1679921544,11600,503,292,441500,1352,Ent√£o mexe! #canaldabelinha #maluzinha #amandanathanry @Amanda Nathanry e fam√≠lia  üåü @Maluzinha ,https://www.tiktok.com/@oficialcanaldabelinha/video/7215208072824982790,2023-03-27 12:52:24,23
Canal da Belinha ‚ù§Ô∏è,6988862884261020678,False,"Conta oficial do Canal da Belinha! Administrado por @luakrs
INGRESSOS SHOWS:",oficialcanaldabelinha,False,7213151978124283141,1679442825,5215,83,72,206400,553,BRINCADEIRA DO TELEFONE SEM FIO COM A MORTICIA! #canaldabelinha #telefonesemfio #brincadeira #desafio @Beatriz Rodrigues @Bianca Moura @Ellyqueiroz ,https://www.tiktok.com/@oficialcanaldabelinha/video/7213151978124283141,2023-03-21 23:53:45,61
Canal da Belinha ‚ù§Ô∏è,6988862884261020678,False,"Conta oficial do Canal da Belinha! Administrado por @luakrs
INGRESSOS SHOWS:",oficialcanaldabelinha,False,7211694007057976581,1679103363,3970,45,95,108500,402,Desafio da garrafa com comida que virou um caoss! üòÇüòÇüòÇ #canaldabelinha #desafiodacomida #desafiodagarrafa #trenddacomida @Lua üåô @Esdras Matos @Luan Alves @Raul Elvis @Ash ,https://www.tiktok.com/@oficialcanaldabelinha/video/7211694007057976581,2023-03-18 01:36:03,175
Canal da Belinha ‚ù§Ô∏è,6988862884261020678,False,"Conta oficial do Canal da Belinha! Administrado por @luakrs
INGRESSOS SHOWS:",oficialcanaldabelinha,False,7210886405625515270,1678915327,11200,178,208,334600,1241,Bastidores e spoiler do novo clipe da Belinha com a @Amanda Nathanry e fam√≠lia  üåü e a @Maluzinha ! Quem est√° ansioso? #canaldabelinha #amandanathanry #maluzinha #musicanova #bastidores #spoiler ,https://www.tiktok.com/@oficialcanaldabelinha/video/7210886405625515270,2023-03-15 21:22:07,66
Canal da Belinha ‚ù§Ô∏è,6988862884261020678,False,"Conta oficial do Canal da Belinha! Administrado por @luakrs
INGRESSOS SHOWS:",oficialcanaldabelinha,False,7210152904806747398,1678744548,7816,104,102,316100,825,Quem se deu melhor Belinha ou @Amanda Nathanry e fam√≠lia  üåü ? Querem a parte 2 com quem? #canaldabelinha #amandanathanry #desafio #viral @Lua üåô ,https://www.tiktok.com/@oficialcanaldabelinha/video/7210152904806747398,2023-03-13 21:55:48,109
Canal da Belinha ‚ù§Ô∏è,6988862884261020678,False,"Conta oficial do Canal da Belinha! Administrado por @luakrs
INGRESSOS SHOWS:",oficialcanaldabelinha,False,7209699881072577798,1678639070,4022,36,44,108300,391,E agora foi a vez da dona Coringueta no beijo ou tapa! üòÇüòÇ quem voc√™ quer ver no pr√≥ximo? #canaldabelinha #beijooutapa ,https://www.tiktok.com/@oficialcanaldabelinha/video/7209699881072577798,2023-03-12 16:37:50,29
Canal da Belinha ‚ù§Ô∏è,6988862884261020678,False,"Conta oficial do Canal da Belinha! Administrado por @luakrs
INGRESSOS SHOWS:",oficialcanaldabelinha,False,7209395053817531653,1678568094,14000,169,80,1300000,691,Por essa ningu√©m esperava‚Ä¶@Ash @Beatriz Rodrigues #canaldabelinha #desafio #desafiodocopo ,https://www.tiktok.com/@oficialcanaldabelinha/video/7209395053817531653,2023-03-11 20:54:54,10
Canal da Belinha ‚ù§Ô∏è,6988862884261020678,False,"Conta oficial do Canal da Belinha! Administrado por @luakrs
INGRESSOS SHOWS:",oficialcanaldabelinha,False,7208613231860911365,1678386062,3062,35,24,95100,297,Quem vai vencer esse desafio? #canaldabelinha #desafio #acerteabolinha ,https://www.tiktok.com/@oficialcanaldabelinha/video/7208613231860911365,2023-03-09 18:21:02,51
Canal da Belinha ‚ù§Ô∏è,6988862884261020678,False,"Conta oficial do Canal da Belinha! Administrado por @luakrs
INGRESSOS SHOWS:",oficialcanaldabelinha,False,7203442227211767045,1677182094,4151,69,50,122100,414,Quem estava com saudade do beijo ou tapa? #canaldabelinha @atorluan @esdrasmatoss @ashilamoraes @elly.queiroz_ @biakrs @raul.elvis #beijooutapa ,https://www.tiktok.com/@oficialcanaldabelinha/video/7203442227211767045,2023-02-23 19:54:54,39
Canal da Belinha ‚ù§Ô∏è,6988862884261020678,False,"Conta oficial do Canal da Belinha! Administrado por @luakrs
INGRESSOS SHOWS:",oficialcanaldabelinha,False,7201866421129727237,1676815199,4688,72,71,103900,469,Voc√™s concordam com tudo que foi dito? Hahhaha #canaldabelinha ,https://www.tiktok.com/@oficialcanaldabelinha/video/7201866421129727237,2023-02-19 13:59:59,40
Canal da Belinha ‚ù§Ô∏è,6988862884261020678,False,"Conta oficial do Canal da Belinha! Administrado por @luakrs
INGRESSOS SHOWS:",oficialcanaldabelinha,False,7198661453694586117,1676068984,32900,474,221,2000000,2447,Quem derrubar o copo primeiro perde! #canaldabelinha #desafiodocopo ,https://www.tiktok.com/@oficialcanaldabelinha/video/7198661453694586117,2023-02-10 22:43:04,60
Canal da Belinha ‚ù§Ô∏è,6988862884261020678,False,"Conta oficial do Canal da Belinha! Administrado por @luakrs
INGRESSOS SHOWS:",oficialcanaldabelinha,False,7196079443096390918,1675467813,14900,201,53,1100000,665,Quem tirar a batatinha errada perde! #canaldabelinha #wandinha #enid #wednesday #batatinhafrita #desafio ,https://www.tiktok.com/@oficialcanaldabelinha/video/7196079443096390918,2023-02-03 23:43:33,15
Canal da Belinha ‚ù§Ô∏è,6988862884261020678,False,"Conta oficial do Canal da Belinha! Administrado por @luakrs
INGRESSOS SHOWS:",oficialcanaldabelinha,False,7194580663566208261,1675118853,13800,210,50,777300,900,Tente n√£o rir! #canaldabelinha #wandinha #wednesday #tentenaorir ,https://www.tiktok.com/@oficialcanaldabelinha/video/7194580663566208261,2023-01-30 22:47:33,32
Canal da Belinha ‚ù§Ô∏è,6988862884261020678,False,"Conta oficial do Canal da Belinha! Administrado por @luakrs
INGRESSOS SHOWS:",oficialcanaldabelinha,False,7193442612253134085,1674853879,8130,274,127,639500,829,Voc√™ √© time Wandinha ou Enid? #canaldabelinha #wandinha #wednesday ,https://www.tiktok.com/@oficialcanaldabelinha/video/7193442612253134085,2023-01-27 21:11:19,14
Canal da Belinha ‚ù§Ô∏è,6988862884261020678,False,"Conta oficial do Canal da Belinha! Administrado por @luakrs
INGRESSOS SHOWS:",oficialcanaldabelinha,False,7192721467593723142,1674685973,11600,228,101,1200000,1001,Quem ser√° que vai perder? #canaldabelinha #wednesday #wandinha #enid @elly.queiroz_ ,https://www.tiktok.com/@oficialcanaldabelinha/video/7192721467593723142,2023-01-25 22:32:53,34
Canal da Belinha ‚ù§Ô∏è,6988862884261020678,False,"Conta oficial do Canal da Belinha! Administrado por @luakrs
INGRESSOS SHOWS:",oficialcanaldabelinha,False,7191592932829318405,1674423215,8001,259,107,780800,823,O Coringa jogou ou n√£o jogou? #canaldabelinha ,https://www.tiktok.com/@oficialcanaldabelinha/video/7191592932829318405,2023-01-22 21:33:35,24
Canal da Belinha ‚ù§Ô∏è,6988862884261020678,False,"Conta oficial do Canal da Belinha! Administrado por @luakrs
INGRESSOS SHOWS:",oficialcanaldabelinha,False,7189758423754345734,1673996086,16700,316,66,1900000,1718,Beijo ou tapa com a Belinha! #canaldabelinha #beijooutapa @ashilamoraes @atorluan @elly.queiroz_ @esdrasmatoss @biademou7 ,https://www.tiktok.com/@oficialcanaldabelinha/video/7189758423754345734,2023-01-17 22:54:46,38
Canal da Belinha ‚ù§Ô∏è,6988862884261020678,False,"Conta oficial do Canal da Belinha! Administrado por @luakrs
INGRESSOS SHOWS:",oficialcanaldabelinha,False,7189005216203689221,1673820716,19100,336,103,1000000,2023,Brincadeira do telefone sem fio com e Enid #canaldabelinha #enid #wandinha #wednesday #telefonesemfio @Luan Alves @elly.queiroz_ @Ash ,https://www.tiktok.com/@oficialcanaldabelinha/video/7189005216203689221,2023-01-15 22:11:56,31
Canal da Belinha ‚ù§Ô∏è,6988862884261020678,False,"Conta oficial do Canal da Belinha! Administrado por @luakrs
INGRESSOS SHOWS:",oficialcanaldabelinha,False,7186700945009446150,1673284210,6377,479,127,300200,604,Chegaram as novas sand√°lias da Belinha! ‚ù§Ô∏è #canadabelinha #sandaliadabelinha ,https://www.tiktok.com/@oficialcanaldabelinha/video/7186700945009446150,2023-01-09 17:10:10,16
Canal da Belinha ‚ù§Ô∏è,6988862884261020678,False,"Conta oficial do Canal da Belinha! Administrado por @luakrs
INGRESSOS SHOWS:",oficialcanaldabelinha,False,7184861483472407814,1672855929,38600,599,1446,1200000,3023,Quem montou o melhor material escolar com 10 itens? O meu material escolar esse ano foi da @Leitura - Recife @Livraria Leitura #canaldabelinha #wandinha #wednesday #materialescolar2023 #materialescolar @Marcelly_queiroz_ ,https://www.tiktok.com/@oficialcanaldabelinha/video/7184861483472407814,2023-01-04 18:12:09,60
Canal da Belinha ‚ù§Ô∏è,6988862884261020678,False,"Conta oficial do Canal da Belinha! Administrado por @luakrs
INGRESSOS SHOWS:",oficialcanaldabelinha,False,7184195513581931782,1672700871,9272,238,48,906800,1063,Beijo ou tapa com a Enid! #canaldabelinha #enid #wandinha #wednesday @esdrasmatoss @biademou7 @ashilamoraes @elly.tok @atorluan @Lua üåô ,https://www.tiktok.com/@oficialcanaldabelinha/video/7184195513581931782,2023-01-02 23:07:51,36
Canal da Belinha ‚ù§Ô∏è,6988862884261020678,False,"Conta oficial do Canal da Belinha! Administrado por @luakrs
INGRESSOS SHOWS:",oficialcanaldabelinha,False,7183682947629763846,1672581528,4632,48,32,156600,450,Desafio com a Wandinha e com a Enid! #canaldabelinha #enid #belinha #wandinha #wednesday ,https://www.tiktok.com/@oficialcanaldabelinha/video/7183682947629763846,2023-01-01 13:58:48,9
Canal da Belinha ‚ù§Ô∏è,6988862884261020678,False,"Conta oficial do Canal da Belinha! Administrado por @luakrs
INGRESSOS SHOWS:",oficialcanaldabelinha,False,7183309574907137286,1672494596,12700,758,683,363300,1391,Feliz ano novo! ‚ú®‚ú®‚ú®‚ù§Ô∏è‚ù§Ô∏è #canaldabelinha ,https://www.tiktok.com/@oficialcanaldabelinha/video/7183309574907137286,2022-12-31 13:49:56,61
Canal da Belinha ‚ù§Ô∏è,6988862884261020678,False,"Conta oficial do Canal da Belinha! Administrado por @luakrs
INGRESSOS SHOWS:",oficialcanaldabelinha,False,7182330211596373254,1672266572,11100,310,54,1100000,909,Belinha e a fam√≠lia Addams! üñ§ü§ç #canaldabelinha #wandinha #familiaaddams #wednesday ,https://www.tiktok.com/@oficialcanaldabelinha/video/7182330211596373254,2022-12-28 22:29:32,10
Canal da Belinha ‚ù§Ô∏è,6988862884261020678,False,"Conta oficial do Canal da Belinha! Administrado por @luakrs
INGRESSOS SHOWS:",oficialcanaldabelinha,False,7181570114616134918,1672089597,18400,426,57,1800000,1690,Brincadeira do telefone sem fio com a Wandinha Addams! #telefonesemfio #canaldabelinha ,https://www.tiktok.com/@oficialcanaldabelinha/video/7181570114616134918,2022-12-26 21:19:57,35
Canal da Belinha ‚ù§Ô∏è,6988862884261020678,False,"Conta oficial do Canal da Belinha! Administrado por @luakrs
INGRESSOS SHOWS:",oficialcanaldabelinha,False,7181490290774134021,1672071012,7164,298,123,325800,816,Ningu√©m vai ficar paraaaaaado! ‚ù§Ô∏è‚ù§Ô∏è‚ù§Ô∏è #canaldabelinha @esdrasmatoss @Sarah Oliveira ,https://www.tiktok.com/@oficialcanaldabelinha/video/7181490290774134021,2022-12-26 16:10:12,29
Canal da Belinha ‚ù§Ô∏è,6988862884261020678,False,"Conta oficial do Canal da Belinha! Administrado por @luakrs
INGRESSOS SHOWS:",oficialcanaldabelinha,False,7179689632450252038,1671651762,8764,227,114,443900,907,Belinha e Wandinha arrasando na dancinha! üñ§ #canaldabelinha #wandinha #wandinhaaddams #wednesday ,https://www.tiktok.com/@oficialcanaldabelinha/video/7179689632450252038,2022-12-21 19:42:42,25
Canal da Belinha ‚ù§Ô∏è,6988862884261020678,False,"Conta oficial do Canal da Belinha! Administrado por @luakrs
INGRESSOS SHOWS:",oficialcanaldabelinha,False,7178950132610649350,1671479583,24300,545,209,3000000,2175,Beijo ou tapa com a Wandinha! #canaldabelinha #beijooutapa #wandinha #wandinhaaddams #wednesday ,https://www.tiktok.com/@oficialcanaldabelinha/video/7178950132610649350,2022-12-19 19:53:03,37
Canal da Belinha ‚ù§Ô∏è,6988862884261020678,False,"Conta oficial do Canal da Belinha! Administrado por @luakrs
INGRESSOS SHOWS:",oficialcanaldabelinha,False,7176800062952066310,1670978991,6889,256,137,292000,821,"Se jogaa, n√£o paraaaa! Quem gostou da nova m√∫sica coloca emojis de cora√ß√£o! #canaldabelinha @esdrasmatoss @biademou7 @ashilamoraes @kakaulira @Raul Elvis @Sarah Oliveira ",https://www.tiktok.com/@oficialcanaldabelinha/video/7176800062952066310,2022-12-14 00:49:51,29
Canal da Belinha ‚ù§Ô∏è,6988862884261020678,False,"Conta oficial do Canal da Belinha! Administrado por @luakrs
INGRESSOS SHOWS:",oficialcanaldabelinha,False,7169958600922664197,1669386082,55100,721,94,3600000,4239,Brincadeira do telefone sem fio. #canaldabelinha #telefonesemfio ,https://www.tiktok.com/@oficialcanaldabelinha/video/7169958600922664197,2022-11-25 14:21:22,30
Canal da Belinha ‚ù§Ô∏è,6988862884261020678,False,"Conta oficial do Canal da Belinha! Administrado por @luakrs
INGRESSOS SHOWS:",oficialcanaldabelinha,False,7168912102801952005,1669142424,11800,315,140,1100000,1297,Nossas duas cantoras brilhando nesse v√≠deo ‚ú® #canaldabelinha ,https://www.tiktok.com/@oficialcanaldabelinha/video/7168912102801952005,2022-11-22 18:40:24,6
Canal da Belinha ‚ù§Ô∏è,6988862884261020678,False,"Conta oficial do Canal da Belinha! Administrado por @luakrs
INGRESSOS SHOWS:",oficialcanaldabelinha,False,7168633048391503109,1669077451,10800,298,119,520900,1138,"Balanceii, balanceiii #canaldabelinha #entreinoclima #balancei @luanymatox @esdrasmatoss @biademou7 @atorluan @Ash ",https://www.tiktok.com/@oficialcanaldabelinha/video/7168633048391503109,2022-11-22 00:37:31,12
Canal da Belinha ‚ù§Ô∏è,6988862884261020678,False,"Conta oficial do Canal da Belinha! Administrado por @luakrs
INGRESSOS SHOWS:",oficialcanaldabelinha,False,7167764949937294597,1668875331,5735,134,82,143800,617,T√° assim porque t√° boladona! ü§™ #canaldabelinha ,https://www.tiktok.com/@oficialcanaldabelinha/video/7167764949937294597,2022-11-19 16:28:51,10
Canal da Belinha ‚ù§Ô∏è,6988862884261020678,False,"Conta oficial do Canal da Belinha! Administrado por @luakrs
INGRESSOS SHOWS:",oficialcanaldabelinha,False,7165874470819843333,1668435171,40500,371,64,3400000,3958,Beijo ou tapaaaaaaa! #canaldabelinha #beijooutapa ,https://www.tiktok.com/@oficialcanaldabelinha/video/7165874470819843333,2022-11-14 14:12:51,41
Canal da Belinha ‚ù§Ô∏è,6988862884261020678,False,"Conta oficial do Canal da Belinha! Administrado por @luakrs
INGRESSOS SHOWS:",oficialcanaldabelinha,False,7163312809906883846,1667838737,8341,151,52,736100,850,Quem gostou dessa vers√£o com a Batgirl? #beijooutapa #canaldabelinha @luanymatox @esdrasmatoss @biakrs @biademou7 @Luan Alves @kakaulira ,https://www.tiktok.com/@oficialcanaldabelinha/video/7163312809906883846,2022-11-07 16:32:17,47
Canal da Belinha ‚ù§Ô∏è,6988862884261020678,False,"Conta oficial do Canal da Belinha! Administrado por @luakrs
INGRESSOS SHOWS:",oficialcanaldabelinha,False,7163248102537727238,1667823672,3983,47,35,131100,385,AHHHHHHHHHHH!!! TEM ESQUILOS NA MINHA CAL√áAAAAA! #canaldabelinha ,https://www.tiktok.com/@oficialcanaldabelinha/video/7163248102537727238,2022-11-07 12:21:12,15
Canal da Belinha ‚ù§Ô∏è,6988862884261020678,False,"Conta oficial do Canal da Belinha! Administrado por @luakrs
INGRESSOS SHOWS:",oficialcanaldabelinha,False,7156580734738713861,1666271308,12100,213,50,1400000,1182,Quem vai ganhar o iphone? #canaldabelinha ,https://www.tiktok.com/@oficialcanaldabelinha/video/7156580734738713861,2022-10-20 13:08:28,32
Canal da Belinha ‚ù§Ô∏è,6988862884261020678,False,"Conta oficial do Canal da Belinha! Administrado por @luakrs
INGRESSOS SHOWS:",oficialcanaldabelinha,False,7150653790964681990,1664891331,12900,367,122,567000,1074,Dancinha com a Arlequina e a Rapina no Sundown Park em Salo√°- PE! @kakaulira @Luany Matos #canaldabelinha ,https://www.tiktok.com/@oficialcanaldabelinha/video/7150653790964681990,2022-10-04 13:48:51,15
Canal da Belinha ‚ù§Ô∏è,6988862884261020678,False,"Conta oficial do Canal da Belinha! Administrado por @luakrs
INGRESSOS SHOWS:",oficialcanaldabelinha,False,7149912743703792902,1664718792,12200,387,149,712600,1254,J√° dan√ßou Naipe de Arlequina hoje? #canaldabelinha ,https://www.tiktok.com/@oficialcanaldabelinha/video/7149912743703792902,2022-10-02 13:53:12,16
Canal da Belinha ‚ù§Ô∏è,6988862884261020678,False,"Conta oficial do Canal da Belinha! Administrado por @luakrs
INGRESSOS SHOWS:",oficialcanaldabelinha,False,7146953243078167813,1664029729,28300,626,271,2100000,2705,Voc√™s pediram muito a parte 2! Quem quer a parte 3? Com quem de enfrentando na batalha? #canaldabelinha ,https://www.tiktok.com/@oficialcanaldabelinha/video/7146953243078167813,2022-09-24 14:28:49,30
Canal da Belinha ‚ù§Ô∏è,6988862884261020678,False,"Conta oficial do Canal da Belinha! Administrado por @luakrs
INGRESSOS SHOWS:",oficialcanaldabelinha,False,7146184538891226373,1663850753,15700,318,223,1100000,1393,√â meme t√° gente? ü§£ü§£ü§£ #canaldabelinha ,https://www.tiktok.com/@oficialcanaldabelinha/video/7146184538891226373,2022-09-22 12:45:53,7
Canal da Belinha ‚ù§Ô∏è,6988862884261020678,False,"Conta oficial do Canal da Belinha! Administrado por @luakrs
INGRESSOS SHOWS:",oficialcanaldabelinha,False,7145891823574158597,1663782599,28900,464,274,1600000,2811,QUEM VENCEU??? #canaldabelinha ,https://www.tiktok.com/@oficialcanaldabelinha/video/7145891823574158597,2022-09-21 17:49:59,27
Canal da Belinha ‚ù§Ô∏è,6988862884261020678,False,"Conta oficial do Canal da Belinha! Administrado por @luakrs
INGRESSOS SHOWS:",oficialcanaldabelinha,False,7142144469981252869,1662910100,57400,387,128,3300000,4173,Beijo ou tapa com a Rapina! #canaldabelinha #naipedearlequina ,https://www.tiktok.com/@oficialcanaldabelinha/video/7142144469981252869,2022-09-11 15:28:20,42
Canal da Belinha ‚ù§Ô∏è,6988862884261020678,False,"Conta oficial do Canal da Belinha! Administrado por @luakrs
INGRESSOS SHOWS:",oficialcanaldabelinha,False,7135209873083469062,1661295512,16100,382,217,1100000,1500,Quem t√° ansioso pra estreia comenta ‚Äúeuuu‚Äù! #canaldabelinha #spoiler #novamusica #arlequina,https://www.tiktok.com/@oficialcanaldabelinha/video/7135209873083469062,2022-08-23 22:58:32,10
Canal da Belinha ‚ù§Ô∏è,6988862884261020678,False,"Conta oficial do Canal da Belinha! Administrado por @luakrs
INGRESSOS SHOWS:",oficialcanaldabelinha,False,7132232653629033733,1660602322,24000,170,60,2300000,2012,Mais um #beijooutapa vers√£o #canaldabelinha . O It n√£o gostou muito. üò≥,https://www.tiktok.com/@oficialcanaldabelinha/video/7132232653629033733,2022-08-15 22:25:22,47
Canal da Belinha ‚ù§Ô∏è,6988862884261020678,False,"Conta oficial do Canal da Belinha! Administrado por @luakrs
INGRESSOS SHOWS:",oficialcanaldabelinha,False,7131112413562244357,1660341497,48600,390,79,6200000,4822,Mais um beijo ou tapa porque voc√™s amam. üíãüëã #canaldabelinha #beijooutapa,https://www.tiktok.com/@oficialcanaldabelinha/video/7131112413562244357,2022-08-12 21:58:17,50
Canal da Belinha ‚ù§Ô∏è,6988862884261020678,False,"Conta oficial do Canal da Belinha! Administrado por @luakrs
INGRESSOS SHOWS:",oficialcanaldabelinha,False,7130001773108006149,1660082905,16300,111,35,1400000,1381,BEIJO OU TAPAA #canaldabelinha #beijooutapa,https://www.tiktok.com/@oficialcanaldabelinha/video/7130001773108006149,2022-08-09 22:08:25,37
Canal da Belinha ‚ù§Ô∏è,6988862884261020678,False,"Conta oficial do Canal da Belinha! Administrado por @luakrs
INGRESSOS SHOWS:",oficialcanaldabelinha,False,7129570431262002438,1659982476,30100,1103,123,2900000,2615,Quem se identifica? Hahhaha #canaldabelinha,https://www.tiktok.com/@oficialcanaldabelinha/video/7129570431262002438,2022-08-08 18:14:36,9
Canal da Belinha ‚ù§Ô∏è,6988862884261020678,False,"Conta oficial do Canal da Belinha! Administrado por @luakrs
INGRESSOS SHOWS:",oficialcanaldabelinha,False,7128526409022164229,1659739397,8081,61,45,397700,693,Mais um de responda sem ouvir a pergunta hahaha #canaldabelinha,https://www.tiktok.com/@oficialcanaldabelinha/video/7128526409022164229,2022-08-05 22:43:17,36
Canal da Belinha ‚ù§Ô∏è,6988862884261020678,False,"Conta oficial do Canal da Belinha! Administrado por @luakrs
INGRESSOS SHOWS:",oficialcanaldabelinha,False,7126922519776480518,1659365961,92400,607,175,8600000,6762,"Kkkkkk e esse final, gente? #canaldabelinha #beijooutapa",https://www.tiktok.com/@oficialcanaldabelinha/video/7126922519776480518,2022-08-01 14:59:21,46
Canal da Belinha ‚ù§Ô∏è,6988862884261020678,False,"Conta oficial do Canal da Belinha! Administrado por @luakrs
INGRESSOS SHOWS:",oficialcanaldabelinha,False,7125919947888364805,1659132532,65600,559,93,6700000,4656,Deu ruim no final kkkkkk #canaldabelinha,https://www.tiktok.com/@oficialcanaldabelinha/video/7125919947888364805,2022-07-29 22:08:52,39
Canal da Belinha ‚ù§Ô∏è,6988862884261020678,False,"Conta oficial do Canal da Belinha! Administrado por @luakrs
INGRESSOS SHOWS:",oficialcanaldabelinha,False,7125167479516630277,1658957334,13600,142,54,949700,1115,Querem mais desse jogo? #canaldabelinha,https://www.tiktok.com/@oficialcanaldabelinha/video/7125167479516630277,2022-07-27 21:28:54,30
Canal da Belinha ‚ù§Ô∏è,6988862884261020678,False,"Conta oficial do Canal da Belinha! Administrado por @luakrs
INGRESSOS SHOWS:",oficialcanaldabelinha,False,7124079153434955014,1658703941,7702,96,162,257400,719,Telefone sem fio porque eu sei que voc√™s amam! ‚ú® #canaldabelinha,https://www.tiktok.com/@oficialcanaldabelinha/video/7124079153434955014,2022-07-24 23:05:41,29
